{"cameraMode":{"drawMode":0,"name":"Shaded","section":"Shading Mode"},"sceneLighting":false,"audioPlay":false,"sceneViewState":{"m_AlwaysRefresh":false,"showFog":true,"showSkybox":false,"showFlares":true,"showImageEffects":true,"showParticleSystems":true,"showVisualEffectGraphs":true,"m_FxEnabled":true},"in2DMode":false,"pivot":{"x":12.979090690612793,"y":-41.39776611328125,"z":36.74209213256836},"rotation":{"x":0.5486056208610535,"y":0.012807248160243035,"z":-0.008391658775508404,"w":0.8358734250068665},"size":29.511011123657228,"orthographic":false}